ID,Data,Cliente,Modelo,Valor da Venda,Custo,Valor Frete,ICMS (10%),"Simples (4,5%)","Royalties (7,5%)","Propag. (1,5%)",Corretor (3%),Desp. ADM (5%),Lucro Bruto,Total Desp.,Lucro Líquido,% de Lucro,Pago Custo,Parcial Custo,Saldo Custo,"Pago Royalties (7,5%)","Parcial Royalties (7,5%)","Saldo Royalties (7,5%)","Pago Propag. (1,5%)","Parcial Propag. (1,5%)","Saldo Propag. (1,5%)",Pago ICMS (10%),Parcial ICMS (10%),Saldo ICMS (10%),"Pago Simples (4,5%)","Parcial Simples (4,5%)","Saldo Simples (4,5%)",Pago Corretor (3%),Parcial Corretor (3%),Saldo Corretor (3%),Pago Desp. ADM (5%),Parcial Desp. ADM (5%),Saldo Desp. ADM (5%),Obs Custo,Corretor Nome
20250701-0001,01/07/2025,Andrelina,Pousada Pop 1.5,17000.0,9237.0,2373.0,923.7,765.0,1275.0,255.0,510.0,850.0,7763.0,4578.7,3184.3,18.73117647058824,False,1000.0,8237.0,False,290.68,984.32,False,76.5,178.5,False,0.0,923.7,False,0.0,765.0,False,0.0,510.0,False,0.0,850.0,pagamento pag. mcpf | pagamento madeireira,
20250701-0002,01/07/2025,Eduardo,Pousada Pop 1.5,18439.0,9237.0,2373.0,923.7,829.755,1382.925,276.585,553.17,921.95,9202.0,4888.085,4313.915,23.39560171375888,False,500.0,8737.0,False,382.5,1000.425,False,89.98,186.605,False,0.0,923.7,False,0.0,829.755,False,0.0,553.17,False,0.0,921.95,pagamento mcpf,
20250703-0001,03/07/2025,Maria Antonia,Pousada Pop 1.8,22000.0,1000.0,1200.0,100.0,990.0,1650.0,330.0,660.0,1100.0,21000.0,4830.0,16170.0,73.5,False,0.0,,False,0.0,,False,0.0,,False,0.0,,False,0.0,,False,0.0,,False,0.0,,,Icaro Moreira
20250703-0002,03/07/2025,Mateus,Chale Camping 3,12500.0,5600.0,1000.0,560.0,562.5,937.5,187.5,375.0,625.0,6900.0,3247.5,3652.5,29.22,False,0.0,,False,0.0,,False,0.0,,False,0.0,,False,0.0,,False,0.0,,False,0.0,,,Sena
20250703-0003,03/07/2025,Sheilla Azevedo,A-Frame 1,20000.0,9500.0,3000.0,950.0,900.0,1500.0,300.0,600.0,1000.0,10500.0,5250.0,5250.0,26.25,False,0.0,,False,0.0,,False,0.0,,False,0.0,,False,0.0,,False,0.0,,False,0.0,,,Jose De Sena
